candidate,epoch,train_loss,train_ce,train_kd,train_accuracy,val_loss,val_accuracy,val_precision_macro,val_recall_macro,val_f1_macro,lr
safe_pointwise_kd_from_11p_extra_2percent,1,1.1942886110842286,0.8249615167522449,1.5636157035780804,0.984433313690827,0.027468870067966108,0.9921433832555856,0.9911860787303907,0.9900162831709818,0.9905650957167926,2.9265847744427305e-05
safe_pointwise_kd_from_11p_extra_2percent,2,0.8990883156584045,0.8425024961633781,0.9556741360783507,0.9907680219996071,0.02112545870809959,0.9933709796219004,0.9918910658253433,0.9904873975914531,0.9911605128040556,2.713525491562421e-05
safe_pointwise_kd_from_11p_extra_2percent,3,0.8248260649803977,0.8384901162356203,0.8111620161838228,0.9941563543508152,0.01815779869610238,0.9943530567149521,0.9930502269333639,0.9916908436240143,0.9923481855126274,2.3816778784387097e-05
safe_pointwise_kd_from_11p_extra_2percent,4,0.7865429272283577,0.8367386452928317,0.736347209304378,0.9948192889412689,0.01834486185820292,0.9942302970783207,0.993424674070832,0.9912394666849911,0.9922739410032898,1.963525491562421e-05
safe_pointwise_kd_from_11p_extra_2percent,5,0.7562919492174567,0.8349106233940918,0.6776732769023691,0.9960714987232371,0.01489080749366153,0.9954578934446354,0.9945471515991213,0.9928635414344579,0.9936743637724417,1.4999999999999999e-05
safe_pointwise_kd_from_11p_extra_2percent,6,0.7374015447082325,0.8340667354360448,0.6407363528798826,0.9956295423296012,0.01569049330336226,0.995335133808004,0.9944810483611214,0.9927241618743664,0.9935535394795431,1.0364745084375788e-05
safe_pointwise_kd_from_11p_extra_2percent,7,0.726605507449864,0.8328718436160037,0.6203391717988694,0.9964889019838932,0.01463201785878976,0.995335133808004,0.9948415797688223,0.9927980663627324,0.9937716157884483,6.183221215612904e-06
safe_pointwise_kd_from_11p_extra_2percent,8,0.7121183140014202,0.832232521070148,0.5920041078107808,0.996709880180711,0.015052428579172118,0.9952123741713724,0.9941761892849319,0.9925653918011855,0.9933354370418136,2.8647450843757895e-06
safe_pointwise_kd_from_11p_extra_2percent,9,0.7129219789866543,0.8321893595450286,0.5936545986624369,0.9969308583775289,0.014594621181422312,0.995089614534741,0.9942852873214465,0.992279423924911,0.9932349051822741,7.341522555726969e-07
safe_pointwise_kd_from_11p_extra_2percent,10,0.7116910559539592,0.8324761963199712,0.5909059149791394,0.9968571989785897,0.014675133327158776,0.994844095261478,0.9938179242917531,0.9924657223786878,0.9931108895058781,0.0
