model_name,pruning_ratio,saved_model_path,baseline_val_accuracy,baseline_val_macro_f1,baseline_params,baseline_macs,pre_finetune_val_accuracy,pre_finetune_val_macro_f1,best_val_accuracy,best_val_macro_precision,best_val_macro_recall,best_val_macro_f1,best_val_loss,final_params,final_macs,final_params_million,final_macs_million,parameter_reduction_percent,mac_reduction_percent,accuracy_drop_percentage_point,f1_drop_percentage_point,fine_tune_time_seconds,fine_tune_epochs,accepted_for_saving,saved_for_comparison,candidate_quality_note
Safe Structured Pruned MobileNetV2 5%,0.05,/content/drive/MyDrive/Thesis/thesis_project/02_after_pruning_quantization/models/mobilenetv2_safe_structured_pruned_5_percent_full_model.pth,0.9969310090842132,0.996551361724906,2272550,319004966.0,0.5114166462067272,0.451008185208387,0.9936164988951632,0.9919771306204814,0.9902913264995554,0.9911082965246416,0.0218329577118503,2053526,287103338.0,2.053526,287.103338,9.637807749004422,10.000354665325178,0.3314510189049824,0.5443065200264385,636.8418588638306,3,,True,Strong candidate: accuracy and F1 drop within 1 percentage point.
Exploratory Safe Structured Pruned MobileNetV2 6%,0.06,/content/drive/MyDrive/Thesis/thesis_project/02_after_pruning_quantization/models/mobilenetv2_safe_structured_pruned_6_percent_full_model.pth,0.9969310090842132,0.996551361724906,2272550,319004966.0,0.3246992388902529,0.2411793289869511,0.9931254603486374,0.9913774822314526,0.9903885144422208,0.9908573903078072,0.0214102562534641,2009613,282839697.0,2.009613,282.839697,11.570130470176672,11.33689843561871,0.3805548735575703,0.5693971417098931,626.0131080150604,3,True,True,Strong candidate: accuracy and F1 drop within 1 percentage point.
Exploratory Safe Structured Pruned MobileNetV2 6%,0.06,/content/drive/MyDrive/Thesis/thesis_project/02_after_pruning_quantization/models/mobilenetv2_safe_structured_pruned_6_percent_full_model.pth,0.9969310090842132,0.996551361724906,2272550,319004966.0,0.3246992388902529,0.2411793289869511,0.9931254603486374,0.9913774822314526,0.9903885144422208,0.9908573903078072,0.0214102562534641,2009613,282839697.0,2.009613,282.839697,11.570130470176672,11.33689843561871,0.3805548735575703,0.5693971417098931,626.0131080150604,3,True,True,Strong candidate: accuracy and F1 drop within 1 percentage point.
Exploratory Safe Structured Pruned MobileNetV2 7%,0.07,/content/drive/MyDrive/Thesis/thesis_project/02_after_pruning_quantization/models/mobilenetv2_safe_structured_pruned_7_percent_full_model.pth,0.9969310090842132,0.996551361724906,2272550,319004966.0,0.1572550945249202,0.0682433794509634,0.9906702676160078,0.9891730635979836,0.9847134539770968,0.9868256224650545,0.0264162687489178,1964810,274973380.0,1.96481,274.97338,13.541616246067193,13.802790142144683,0.6260741468205211,0.9725739259851762,656.56387758255,3,True,True,Strong candidate: accuracy and F1 drop within 1 percentage point.
Exploratory Safe Structured Pruned MobileNetV2 8%,0.08,/content/drive/MyDrive/Thesis/thesis_project/02_after_pruning_quantization/models/mobilenetv2_safe_structured_pruned_8_percent_full_model.pth,0.9969310090842132,0.996551361724906,2272550,319004966.0,0.1492757181438743,0.065851143602548,0.9916523447090596,0.9901904623766814,0.986523232636308,0.9882674521334104,0.0275319731210534,1927286,270677644.0,1.927286,270.677644,15.192801038481004,15.149394884341708,0.5278664375153452,0.828390959149583,641.7461400032043,3,,True,Strong candidate: accuracy and F1 drop within 1 percentage point.
Exploratory Safe Structured Pruned MobileNetV2 8%,0.08,/content/drive/MyDrive/Thesis/thesis_project/02_after_pruning_quantization/models/mobilenetv2_safe_structured_pruned_8_percent_full_model.pth,0.9969310090842132,0.996551361724906,2272550,319004966.0,0.1492757181438743,0.065851143602548,0.9916523447090596,0.9901904623766814,0.986523232636308,0.9882674521334104,0.0275319731210534,1927286,270677644.0,1.927286,270.677644,15.192801038481004,15.149394884341708,0.5278664375153452,0.828390959149583,641.7461400032043,3,,True,Strong candidate: accuracy and F1 drop within 1 percentage point.
Exploratory Safe Structured Pruned MobileNetV2 9%,0.09,/content/drive/MyDrive/Thesis/thesis_project/02_after_pruning_quantization/models/mobilenetv2_safe_structured_pruned_9_percent_full_model.pth,0.9969310090842132,0.996551361724906,2272550,319004966.0,0.0619936164988951,0.0126674507300373,0.9885833537932728,0.984914711464052,0.982074155257716,0.9834242384722838,0.0379598013875585,1886930,265222519.0,1.88693,265.222519,16.96860355107698,16.85943879632269,0.8347655290940281,1.312712325262233,632.1402428150177,3,,True,Possible trade-off candidate: moderate accuracy/F1 drop.
Exploratory Safe Structured Pruned MobileNetV2 10%,0.1,/content/drive/MyDrive/Thesis/thesis_project/02_after_pruning_quantization/models/mobilenetv2_safe_structured_pruned_10_percent_full_model.pth,0.9969310090842132,0.996551361724906,2272550,319004966.0,0.0413699975448072,0.0096435615862,0.9860054014240118,0.9827631944008176,0.977910752843862,0.980244623213345,0.0472302131976528,1849318,259254010.0,1.849318,259.25401,18.62366064553035,18.73041562619436,1.092560766020123,1.630673851156106,646.7424256801605,3,,True,Possible trade-off candidate: moderate accuracy/F1 drop.
Exploratory Safe Structured Pruned MobileNetV2 10%,0.1,/content/drive/MyDrive/Thesis/thesis_project/02_after_pruning_quantization/models/mobilenetv2_safe_structured_pruned_10_percent_full_model.pth,0.9969310090842132,0.996551361724906,2272550,319004966.0,0.0413699975448072,0.0096435615862,0.9860054014240118,0.9827631944008176,0.977910752843862,0.980244623213345,0.0472302131976528,1849318,259254010.0,1.849318,259.25401,18.62366064553035,18.73041562619436,1.092560766020123,1.630673851156106,646.7424256801605,3,,True,Possible trade-off candidate: moderate accuracy/F1 drop.
Exploratory Safe Structured Pruned MobileNetV2 11%,0.11,/content/drive/MyDrive/Thesis/thesis_project/02_after_pruning_quantization/models/mobilenetv2_safe_structured_pruned_11_percent_full_model.pth,0.9969310090842132,0.996551361724906,2272550,319004966.0,0.0126442425730419,0.0045057531228558,0.9862509206972748,0.9837854443512238,0.9818269836199642,0.9826975305474518,0.0479604808628863,1805093,254701367.0,1.805093,254.701367,20.56971243757013,20.157554224406653,1.068008838693835,1.3853831177454312,643.1481161117554,3,,True,Possible trade-off candidate: moderate accuracy/F1 drop.
