figure_file,suggested_use
fig_01_classification_performance_comparison.pdf,editable/vector version
fig_01_classification_performance_comparison.png,paper/thesis figure
fig_02_compression_complexity_comparison.pdf,editable/vector version
fig_02_compression_complexity_comparison.png,paper/thesis figure
fig_03_latency_energy_co2_comparison.pdf,editable/vector version
fig_03_latency_energy_co2_comparison.png,paper/thesis figure
fig_04_final_reduction_summary.pdf,editable/vector version
fig_04_final_reduction_summary.png,paper/thesis figure
fig_05_accuracy_energy_tradeoff.pdf,editable/vector version
fig_05_accuracy_energy_tradeoff.png,paper/thesis figure
fig_06_accuracy_latency_tradeoff.pdf,editable/vector version
fig_06_accuracy_latency_tradeoff.png,paper/thesis figure
fig_07_accuracy_model_size_tradeoff.pdf,editable/vector version
fig_07_accuracy_model_size_tradeoff.png,paper/thesis figure
fig_08_accuracy_co2_tradeoff.pdf,editable/vector version
fig_08_accuracy_co2_tradeoff.png,paper/thesis figure
fig_09_per_image_energy_co2_comparison.pdf,editable/vector version
fig_09_per_image_energy_co2_comparison.png,paper/thesis figure
fig_10_baseline_confusion_matrix.pdf,editable/vector version
fig_10_baseline_confusion_matrix.png,paper/thesis figure
fig_11_baseline_confusion_matrix_normalized.pdf,editable/vector version
fig_11_baseline_confusion_matrix_normalized.png,paper/thesis figure
fig_12_advanced_confusion_matrix.pdf,editable/vector version
fig_12_advanced_confusion_matrix.png,paper/thesis figure
fig_13_advanced_confusion_matrix_normalized.pdf,editable/vector version
fig_13_advanced_confusion_matrix_normalized.png,paper/thesis figure
fig_14_per_class_f1_top_changed.pdf,editable/vector version
fig_14_per_class_f1_top_changed.png,paper/thesis figure
fig_15_advanced_lowest_15_class_f1.pdf,editable/vector version
fig_15_advanced_lowest_15_class_f1.png,paper/thesis figure
fig_16_latency_summary_comparison.pdf,editable/vector version
fig_16_latency_summary_comparison.png,paper/thesis figure
fig_17_official_average_latency_comparison.pdf,editable/vector version
fig_17_official_average_latency_comparison.png,paper/thesis figure
