class_name,baseline_f1,advanced_f1,baseline_f1_percent,advanced_f1_percent,f1_change_pp,abs_f1_change_pp
Apple___Apple_scab,1.0,0.984375,100.0,98.4375,-1.5625,1.5625
Apple___Black_rot,1.0,1.0,100.0,100.0,0.0,0.0
Apple___Cedar_apple_rust,1.0,1.0,100.0,100.0,0.0,0.0
Apple___healthy,1.0,0.9969604863221884,100.0,99.69604863221883,-0.3039513677811634,0.3039513677811634
Blueberry___healthy,1.0,1.0,100.0,100.0,0.0,0.0
Cherry_(including_sour)___Powdery_mildew,1.0,0.9952153110047848,100.0,99.52153110047848,-0.4784688995215225,0.4784688995215225
Cherry_(including_sour)___healthy,1.0,1.0,100.0,100.0,0.0,0.0
Corn_(maize)___Cercospora_leaf_spot Gray_leaf_spot,0.9591836734693876,0.9696969696969696,95.91836734693877,96.96969696969695,1.0513296227582014,1.0513296227582014
Corn_(maize)___Common_rust_,1.0,1.0,100.0,100.0,0.0,0.0
Corn_(maize)___Northern_Leaf_Blight,0.98,0.984924623115578,98.0,98.4924623115578,0.4924623115578064,0.4924623115578064
Corn_(maize)___healthy,1.0,0.9957081545064378,100.0,99.57081545064378,-0.42918454935622075,0.42918454935622075
Grape___Black_rot,1.0,0.9957446808510638,100.0,99.57446808510639,-0.42553191489361764,0.42553191489361764
Grape___Esca_(Black_Measles),1.0,0.9963898916967509,100.0,99.63898916967509,-0.3610108303249149,0.3610108303249149
Grape___Leaf_blight_(Isariopsis_Leaf_Spot),1.0,1.0,100.0,100.0,0.0,0.0
Grape___healthy,1.0,1.0,100.0,100.0,0.0,0.0
Orange___Haunglongbing_(Citrus_greening),1.0,1.0,100.0,100.0,0.0,0.0
Peach___Bacterial_spot,1.0,0.9978213507625272,100.0,99.78213507625271,-0.21786492374727962,0.21786492374727962
Peach___healthy,1.0,1.0,100.0,100.0,0.0,0.0
"Pepper,_bell___Bacterial_spot",1.0,0.9950248756218906,100.0,99.50248756218906,-0.497512437810943,0.497512437810943
"Pepper,_bell___healthy",1.0,0.9932432432432432,100.0,99.32432432432432,-0.6756756756756799,0.6756756756756799
Potato___Early_blight,1.0,1.0,100.0,100.0,0.0,0.0
Potato___Late_blight,1.0,0.9950248756218906,100.0,99.50248756218906,-0.497512437810943,0.497512437810943
Potato___healthy,0.9655172413793104,0.9655172413793104,96.55172413793103,96.55172413793103,0.0,0.0
Raspberry___healthy,1.0,1.0,100.0,100.0,0.0,0.0
Soybean___healthy,0.9990186457311088,0.9990186457311088,99.90186457311087,99.90186457311087,0.0,0.0
Squash___Powdery_mildew,1.0,0.997289972899729,100.0,99.7289972899729,-0.27100271002710175,0.27100271002710175
Strawberry___Leaf_scorch,1.0,1.0,100.0,100.0,0.0,0.0
Strawberry___healthy,1.0,1.0,100.0,100.0,0.0,0.0
Tomato___Bacterial_spot,0.9976580796252928,0.9953051643192488,99.76580796252928,99.53051643192488,-0.235291530604409,0.235291530604409
Tomato___Early_blight,0.98,0.945273631840796,98.0,94.5273631840796,-3.4726368159203935,3.4726368159203935
Tomato___Late_blight,0.9947368421052633,0.9868073878627968,99.47368421052633,98.68073878627968,-0.7929454242466494,0.7929454242466494
Tomato___Leaf_Mold,1.0,0.9947089947089948,100.0,99.47089947089948,-0.5291005291005235,0.5291005291005235
Tomato___Septoria_leaf_spot,0.9971830985915492,0.9971830985915492,99.71830985915491,99.71830985915491,0.0,0.0
Tomato___Spider_mites Two-spotted_spider_mite,0.9879518072289156,0.9819277108433736,98.79518072289156,98.19277108433737,-0.6024096385542022,0.6024096385542022
Tomato___Target_Spot,0.9788732394366196,0.96113074204947,97.88732394366197,96.113074204947,-1.7742497387149614,1.7742497387149614
Tomato___Tomato_Yellow_Leaf_Curl_Virus,0.9990662931839402,0.9981308411214952,99.90662931839402,99.81308411214953,-0.09354520624450524,0.09354520624450524
Tomato___Tomato_mosaic_virus,1.0,0.9866666666666668,100.0,98.66666666666669,-1.3333333333333197,1.3333333333333197
Tomato___healthy,0.9968652037617556,0.9968652037617556,99.68652037617557,99.68652037617557,0.0,0.0
