epoch,train_loss,train_accuracy,val_loss,val_accuracy,val_precision_macro,val_recall_macro,val_f1_macro,learning_rate,epoch_time_seconds,is_best
1,0.4861507162325885,0.8900510705165979,0.05060492634815327,0.9853916032408544,0.9802264393263155,0.9790944612922147,0.97877654008891,0.0001,253.68742609024048,True
2,0.05804313235153175,0.9845806324887055,0.024435516059711455,0.9930027007120059,0.9901255586545835,0.9905894629854678,0.9901774292104764,0.0001,183.62237095832825,True
3,0.03396180162597407,0.9906943626006679,0.020647751854768588,0.9936164988951632,0.9907506869632606,0.9902842994285491,0.990427564859358,0.0001,183.26882529258728,True
4,0.023011420045777543,0.9934443134944019,0.020153262590061807,0.9939847778050577,0.9931418055743546,0.9910092327109401,0.9919715843522083,0.0001,182.872638463974,True
5,0.018550008977356324,0.9946474170104105,0.01544730481257209,0.9955806530812669,0.993502645891272,0.9930283902473747,0.9932149412399378,0.0001,183.24804544448853,True
6,0.016949949191527945,0.9950893734040464,0.019212996611391385,0.9933709796219004,0.990966887198828,0.989723476427281,0.9901597140174743,0.0001,185.30517554283142,False
7,0.01341468679708246,0.9962188175211157,0.013327870590239238,0.9959489319911613,0.9932353105364,0.9940755467257772,0.9935562076870046,0.0001,182.90368056297302,True
8,0.011892464011175836,0.9966362207817717,0.011718486074205439,0.9963172109010557,0.995069941315924,0.9949812431414824,0.9949950260142169,0.0001,183.90253043174744,True
9,0.011570816929484135,0.9964643488509134,0.011101386089334317,0.9969310090842131,0.996324167721049,0.9967992163745207,0.9965513617249061,0.0001,185.14235639572144,True
10,0.009362773368656185,0.9972009428403065,0.015001004944555668,0.995335133808004,0.994138465690802,0.9939185797722198,0.9939401211414985,0.0001,184.15330004692078,False
