run,total_images,total_pipeline_time_seconds,avg_forward_latency_ms_per_image,median_forward_latency_ms_per_image,min_forward_latency_ms_per_image,max_forward_latency_ms_per_image,std_forward_latency_ms_per_image,energy_consumed_kwh,co2_emissions_kg,cpu_power_w,country_iso_code,cpu_utilization_percent
1,5431,206.04651472100159,33.775645145434005,30.679327999678208,22.62798299852875,178.32569399979548,9.745548635431296,0.0012320116162825,0.0008518263836255,12.10511846482366,BGD,14.634146341463415
2,5431,194.3050310489998,32.10971277866195,29.02036899831728,22.052325002732687,191.67240699971444,9.04852542860513,0.0011563594520193,0.0007995196450801,11.986282375657211,BGD,16.49484536082474
3,5431,188.95681960899674,31.216156705759495,27.747503998398315,22.150502998556476,165.56655400199816,8.583967690115966,0.0011205436739202,0.0007747562221288,11.903644451265864,BGD,15.95744680851064
4,5431,205.91135723900152,34.168711950449456,30.275026998424437,22.528705001604976,249.05984100041678,12.987054602890723,0.0012540684046346,0.0008670766897168,12.507358784248662,BGD,16.585365853658537
5,5431,203.86531502800062,33.89592250360153,30.974287998105865,21.94477699958952,203.56315100070788,9.991760703308083,0.001221099537349,0.000844281652218,12.131752590865178,BGD,15.188669950738918
6,5431,199.89981989700027,33.1915380279627,30.83008400062681,22.34288899853709,180.43303900049068,8.889201343296993,0.0011953156644881,0.0008264543988994,12.037500019451786,BGD,7.537688442211055
7,5431,204.38133638,33.89416999007506,30.894516999978805,22.6471389978542,236.07599899696652,10.36516463122889,0.0012319171343606,0.0008517610577854,12.251412754076055,BGD,20.098039215686278
8,5431,221.7128396799999,36.88581104328959,32.54872899924521,22.033023000403773,464.4186080004147,16.134109946617908,0.0013535006590219,0.000935825244155,12.564279527569328,BGD,16.063348416289593
9,5431,225.44203432200084,37.52100221546059,32.97429799931706,22.691841000778368,279.66612900127075,16.316379967887457,0.0014331624476408,0.0009909042810858,12.069190474233986,BGD,19.03688888888889
10,5431,205.55866474700088,34.15623446436543,31.176217999018263,22.11006300058216,212.2967039977084,10.298060988780948,0.0012258396999264,0.0008475590527658,12.031647363061609,BGD,17.073170731707318
